Sentence,Tagged_Sentence,BIO_tags,Animated_NP,Animated_Prob_NP,Animated_Token,Animated_Prob_Token
"Gerade junge Menschen haben Bedenken , was die Impfung betrifft .","[START] Gerade junge Menschen [END] haben [START] Bedenken [END] , [START] was [END] [START] die Impfung [END] betrifft .","['B', 'I', 'I', 'O', 'B', 'O', 'B', 'B', 'I', 'O', 'O']","[1, 0, 0, 0]",,"[1, 1, 1, 0, 0, 0, 0, 0, 0, 0, 0]",
"Gilt das nur für ein Jahr , oder denken Sie dabei an eine mehrjährige Aufhebung der Schonzeit ?","Gilt [START] das [END] nur für [START] ein Jahr [END] , oder denken [START] Sie [END] dabei an [START] eine mehrjährige Aufhebung [END] [START] der Schonzeit [END] ?","['O', 'B', 'O', 'O', 'B', 'I', 'O', 'O', 'O', 'B', 'O', 'O', 'B', 'I', 'I', 'B', 'I', 'O']","[0, 0, 0, 0, 0]",,"[0, 0, 0, 0, 0, 0, 0, 0, 0, 0, 0, 0, 0, 0, 0, 0, 0, 0]",
Ich frage : Wie klein will sich die SPD noch machen ?,[START] Ich [END] frage : Wie klein will [START] sich [END] [START] die SPD [END] noch machen ?,"['B', 'O', 'O', 'O', 'O', 'O', 'B', 'B', 'I', 'O', 'O', 'O']","[1, 0, 1]",,"[1, 0, 0, 0, 0, 0, 0, 1, 1, 0, 0, 0]",
"Verzögerungen im Stromnetzausbau , die insbesondere von Süddeutschland ausgehen , haben auch negative Auswirkungen auf Süddeutschland .","[START] Verzögerungen [END] im [START] Stromnetzausbau [END] , [START] die [END] insbesondere von [START] Süddeutschland [END] ausgehen , haben [START] auch negative Auswirkungen [END] auf [START] Süddeutschland [END] .","['B', 'O', 'B', 'O', 'B', 'O', 'O', 'B', 'O', 'O', 'O', 'B', 'I', 'I', 'O', 'B', 'O']","[0, 0, 0, 0, 0, 0]",,"[0, 0, 0, 0, 0, 0, 0, 0, 0, 0, 0, 0, 0, 0, 0, 0, 0]",
Frau Präsidentin !,[START] Frau Präsidentin [END] !,"['B', 'I', 'O']",[1],,"[1, 1, 0]",
"Aber nicht nur diese lebenswichtigen Zukunftsinvestitionen sparen sich Bund , Länder und Gemeinden – den Gemeinden wird es mehr aufgezwungen – , Bundes- und Landesregierung fahren auch die bestehende öffentliche Infrastruktur auf Verschleiß und sparen sich sogar die Erhaltungsinvestitionen .","Aber [START] nicht nur diese lebenswichtigen Zukunftsinvestitionen [END] sparen [START] sich [END] [START] Bund [END] , [START] Länder [END] und [START] Gemeinden [END] – [START] den Gemeinden [END] wird [START] es [END] mehr aufgezwungen – , [START] Bundes- und Landesregierung [END] fahren [START] auch die bestehende öffentliche Infrastruktur [END] auf [START] Verschleiß [END] und sparen [START] sich [END] [START] sogar die Erhaltungsinvestitionen [END] .","['O', 'B', 'I', 'I', 'I', 'I', 'O', 'B', 'B', 'O', 'B', 'O', 'B', 'O', 'B', 'I', 'O', 'B', 'O', 'O', 'O', 'O', 'B', 'I', 'I', 'O', 'B', 'I', 'I', 'I', 'I', 'O', 'B', 'O', 'O', 'B', 'B', 'I', 'I', 'O']","[0, 0, 1, 1, 1, 1, 0, 1, 0, 0, 0, 0]",,"[0, 0, 0, 0, 0, 0, 0, 0, 1, 0, 1, 0, 1, 0, 1, 1, 0, 0, 0, 0, 0, 0, 1, 1, 1, 0, 0, 0, 0, 0, 0, 0, 0, 0, 0, 0, 0, 0, 0, 0]",
Das sind Ihre Freunde !,[START] Das [END] sind [START] Ihre Freunde [END] !,"['B', 'O', 'B', 'I', 'O']","[0, 1]",,"[0, 0, 1, 1, 0]",
Sie brauchen da keine zusätzlichen Risiken und Nebenwirkungen .,[START] Sie [END] brauchen da [START] keine zusätzlichen Risiken [END] und [START] Nebenwirkungen [END] .,"['B', 'O', 'O', 'B', 'I', 'I', 'O', 'B', 'O']","[0, 0, 0]",,"[0, 0, 0, 0, 0, 0, 0, 0, 0]",
Halten wir die nächsten 20 Jahre die Schnauze darüber .,Halten [START] wir [END] [START] die nächsten 20 Jahre [END] [START] die Schnauze [END] darüber .,"['O', 'B', 'B', 'I', 'I', 'I', 'B', 'I', 'O', 'O']","[1, 0, 0]",,"[0, 1, 0, 0, 0, 0, 0, 0, 0, 0]",
Die Leute da draußen haben nämlich vertrauensvoll gewartet .,[START] Die Leute [END] da draußen haben nämlich vertrauensvoll gewartet .,"['B', 'I', 'O', 'O', 'O', 'O', 'O', 'O', 'O']",[1],,"[1, 1, 0, 0, 0, 0, 0, 0, 0]",
"Wir haben dort im Verhältnis zur Gesamtbevölkerung eine eher unterdurchschnittliche Bereitschaft , sich impfen zu lassen .","[START] Wir [END] haben dort im [START] Verhältnis [END] zur [START] Gesamtbevölkerung [END] [START] eine eher unterdurchschnittliche Bereitschaft [END] , [START] sich [END] impfen zu lassen .","['B', 'O', 'O', 'O', 'B', 'O', 'B', 'B', 'I', 'I', 'I', 'O', 'B', 'O', 'O', 'O', 'O']","[1, 0, 0, 0, 0]",,"[1, 0, 0, 0, 0, 0, 0, 0, 0, 0, 0, 0, 0, 0, 0, 0, 0]",
Schon im Juli dieses Jahres gab es ein Foto von einer Steinschleuder mit dem Hashtag „ Neuerwerb !,Schon im [START] Juli [END] [START] dieses Jahres [END] gab es [START] ein Foto [END] von [START] einer Steinschleuder [END] mit [START] dem Hashtag „ Neuerwerb [END] !,"['O', 'O', 'B', 'B', 'I', 'O', 'O', 'B', 'I', 'O', 'B', 'I', 'O', 'B', 'I', 'I', 'I', 'O']","[0, 0, 0, 0, 0]",,"[0, 0, 0, 0, 0, 0, 0, 0, 0, 0, 0, 0, 0, 0, 0, 0, 0, 0]",
Meine sehr verehrten Damen und Herren !,[START] Meine sehr verehrten Damen [END] und [START] Herren [END] !,"['B', 'I', 'I', 'I', 'O', 'B', 'O']","[1, 1]",,"[1, 1, 1, 1, 0, 1, 0]",
"20 Prozent sind immunisiert , das wären 3 Millionen Menschen .","[START] 20 Prozent [END] sind immunisiert , [START] das [END] wären [START] 3 Millionen Menschen [END] .","['B', 'I', 'O', 'O', 'O', 'B', 'O', 'B', 'I', 'I', 'O']","[0, 0, 1]",,"[0, 0, 0, 0, 0, 0, 0, 1, 1, 1, 0]",
Auch da : Vielleicht sollte die FDP ihre Position noch mal überdenken .,Auch da : Vielleicht sollte [START] die FDP [END] [START] ihre Position [END] noch mal überdenken .,"['O', 'O', 'O', 'O', 'O', 'B', 'I', 'B', 'I', 'O', 'O', 'O', 'O']","[1, 0]",,"[0, 0, 0, 0, 0, 1, 1, 0, 0, 0, 0, 0, 0]",
"Meine Damen und Herren , darum geht es doch ; es geht hier nicht um irgendeinen Kompromiss , es geht um Familie und Kinder .","[START] Meine Damen [END] und [START] Herren [END] , darum geht es doch ; es geht hier [START] nicht um irgendeinen Kompromiss [END] , es geht um [START] Familie [END] und [START] Kinder [END] .","['B', 'I', 'O', 'B', 'O', 'O', 'O', 'O', 'O', 'O', 'O', 'O', 'O', 'B', 'I', 'I', 'I', 'O', 'O', 'O', 'O', 'B', 'O', 'B', 'O']","[1, 1, 0, 1, 1]",,"[1, 1, 0, 1, 0, 0, 0, 0, 0, 0, 0, 0, 0, 0, 0, 0, 0, 0, 0, 0, 0, 1, 0, 1, 0]",
In der Tat – es ist schon angesprochen worden – gibt es da in puncto Qualität und Rechtssicherheit durchaus noch Luft nach oben .,In [START] der Tat [END] – [START] es [END] ist schon angesprochen worden – gibt es da in [START] puncto Qualität [END] und [START] Rechtssicherheit [END] durchaus noch [START] Luft [END] nach oben .,"['O', 'B', 'I', 'O', 'B', 'O', 'O', 'O', 'O', 'O', 'O', 'O', 'O', 'O', 'B', 'I', 'O', 'B', 'O', 'O', 'B', 'O', 'O', 'O']","[0, 0, 0, 0, 0]",,"[0, 0, 0, 0, 0, 0, 0, 0, 0, 0, 0, 0, 0, 0, 0, 0, 0, 0, 0, 0, 0, 0, 0, 0]",
Sehr geehrte Kollegen !,[START] Sehr geehrte Kollegen [END] !,"['B', 'I', 'I', 'O']",[1],,"[1, 1, 1, 0]",
"Das , was man dort erleben muss , entzieht unserer Gesellschaft den sozialen Zusammenhalt und ist deshalb nicht hinnehmbar – jedenfalls nicht für uns Linke .","[START] Das [END] , [START] was [END] [START] man [END] dort erleben muss , entzieht [START] unserer Gesellschaft [END] [START] den sozialen Zusammenhalt [END] und ist deshalb nicht hinnehmbar – jedenfalls nicht für [START] uns [END] Linke .","['B', 'O', 'B', 'B', 'O', 'O', 'O', 'O', 'O', 'B', 'I', 'B', 'I', 'I', 'O', 'O', 'O', 'O', 'O', 'O', 'O', 'O', 'O', 'B', 'O', 'O']","[0, 0, 0, 1, 0, 0]",,"[0, 0, 0, 0, 0, 0, 0, 0, 0, 1, 1, 0, 0, 0, 0, 0, 0, 0, 0, 0, 0, 0, 0, 0, 0, 0]",
"Wer von zu Hause arbeiten will , merkt das , wenn zum Beispiel eine Videokonferenz mit Arbeitskollegen nicht funktioniert .","[START] Wer [END] von zu [START] Hause [END] arbeiten will , merkt [START] das [END] , wenn zum [START] Beispiel [END] [START] eine Videokonferenz [END] mit [START] Arbeitskollegen [END] nicht funktioniert .","['B', 'O', 'O', 'B', 'O', 'O', 'O', 'O', 'B', 'O', 'O', 'O', 'B', 'B', 'I', 'O', 'B', 'O', 'O', 'O']","[0, 0, 0, 0, 0, 1]",,"[0, 0, 0, 0, 0, 0, 0, 0, 0, 0, 0, 0, 0, 0, 0, 0, 1, 0, 0, 0]",
"Sie sind genau dort in Syrien , wo gerade die Türkei mit deutschen Panzern angreift .","[START] Sie [END] sind genau dort in [START] Syrien [END] , wo gerade [START] die Türkei [END] mit [START] deutschen Panzern [END] angreift .","['B', 'O', 'O', 'O', 'O', 'B', 'O', 'O', 'O', 'B', 'I', 'O', 'B', 'I', 'O', 'O']","[0, 0, 1, 0]",,"[0, 0, 0, 0, 0, 0, 0, 0, 0, 1, 1, 0, 0, 0, 0, 0]",
"Die irakische Regierung ist mittlerweile in großer Sorge , weil erste IS-Kämpfer bereits in den Irak zurückgekehrt sind .","[START] Die irakische Regierung [END] ist mittlerweile in [START] großer Sorge [END] , weil [START] erste IS-Kämpfer [END] bereits in [START] den Irak [END] zurückgekehrt sind .","['B', 'I', 'I', 'O', 'O', 'O', 'B', 'I', 'O', 'O', 'B', 'I', 'O', 'O', 'B', 'I', 'O', 'O', 'O']","[1, 0, 1, 0]",,"[1, 1, 1, 0, 0, 0, 0, 0, 0, 0, 1, 1, 0, 0, 0, 0, 0, 0, 0]",
Aber zurück zur Bundesebene .,Aber zurück zur [START] Bundesebene [END] .,"['O', 'O', 'O', 'B', 'O']",[0],,"[0, 0, 0, 0, 0]",
"Sie wissen genau , dass der zweite Schritt – können wir uns darauf einigen ?","[START] Sie [END] wissen genau , dass der zweite Schritt – können [START] wir [END] [START] uns [END] darauf einigen ?","['B', 'O', 'O', 'O', 'O', 'O', 'O', 'O', 'O', 'O', 'B', 'B', 'O', 'O', 'O']","[0, 1, 0]",,"[0, 0, 0, 0, 0, 0, 0, 0, 0, 0, 1, 0, 0, 0, 0]",
"Das in Summe – das Risiko , die hohe Chance , schon natürlich immunisiert zu sein – senkt die Impfbereitschaft bei jungen Menschen .","Das in [START] Summe [END] – das Risiko , [START] die hohe Chance [END] , schon natürlich immunisiert zu sein – senkt [START] die Impfbereitschaft [END] bei [START] jungen Menschen [END] .","['O', 'O', 'B', 'O', 'O', 'O', 'O', 'B', 'I', 'I', 'O', 'O', 'O', 'O', 'O', 'O', 'O', 'O', 'B', 'I', 'O', 'B', 'I', 'O']","[0, 0, 0, 1]",,"[0, 0, 0, 0, 0, 0, 0, 0, 0, 0, 0, 0, 0, 0, 0, 0, 0, 0, 0, 0, 0, 1, 1, 0]",
"Auf Twitter bekannte sich die sogenannte Identitäre Bewegung dazu , eine Bewegung , die der AfD-Bundestagsabgeordnete Petr Bystron für eine – Zitat – „ tolle Organisation “ und eine „ Vorfeldorganisation der AfD “ hält .","Auf [START] Twitter [END] bekannte [START] sich [END] [START] die sogenannte Identitäre Bewegung [END] dazu , [START] eine Bewegung [END] , [START] die [END] [START] der AfD-Bundestagsabgeordnete Petr Bystron [END] für [START] eine – Zitat [END] – [START] „ tolle Organisation [END] “ und [START] eine „ Vorfeldorganisation [END] [START] der AfD [END] “ hält .","['O', 'B', 'O', 'B', 'B', 'I', 'I', 'I', 'O', 'O', 'B', 'I', 'O', 'B', 'B', 'I', 'I', 'I', 'O', 'B', 'I', 'I', 'O', 'B', 'I', 'I', 'O', 'O', 'B', 'I', 'I', 'B', 'I', 'O', 'O', 'O']","[0, 0, 1, 1, 1, 1, 0, 1, 1, 1]",,"[0, 0, 0, 0, 1, 1, 1, 1, 0, 0, 1, 1, 0, 1, 1, 1, 1, 1, 0, 0, 0, 0, 0, 1, 1, 1, 0, 0, 1, 1, 1, 1, 1, 0, 0, 0]",
"Daran scheitert es ja bisher sowohl durch die Machthaber in der arabischen Welt – Herr Radwan , erlauben Sie eine Zwischenfrage ?","Daran scheitert [START] es [END] ja bisher sowohl durch [START] die Machthaber [END] in [START] der arabischen Welt [END] – Herr [START] Radwan [END] , erlauben [START] Sie [END] [START] eine Zwischenfrage [END] ?","['O', 'O', 'B', 'O', 'O', 'O', 'O', 'B', 'I', 'O', 'B', 'I', 'I', 'O', 'O', 'B', 'O', 'O', 'B', 'B', 'I', 'O']","[0, 1, 0, 1, 0, 0]",,"[0, 0, 0, 0, 0, 0, 0, 1, 1, 0, 0, 0, 0, 0, 0, 1, 0, 0, 0, 0, 0, 0]",
Das ist durchaus sinnvoll nach dem Chaos der letzten Wochen .,[START] Das [END] ist durchaus sinnvoll nach [START] dem Chaos [END] [START] der letzten Wochen [END] .,"['B', 'O', 'O', 'O', 'O', 'B', 'I', 'B', 'I', 'I', 'O']","[0, 0, 0]",,"[0, 0, 0, 0, 0, 0, 0, 0, 0, 0, 0]",
Gerade das Auto bietet vielen Bürgern auf ihren Fahrstrecken einen unübertroffenen Schutzraum .,[START] Gerade das Auto [END] bietet [START] vielen Bürgern [END] auf [START] ihren Fahrstrecken [END] [START] einen unübertroffenen Schutzraum [END] .,"['B', 'I', 'I', 'O', 'B', 'I', 'O', 'B', 'I', 'B', 'I', 'I', 'O']","[0, 1, 0, 0]",,"[0, 0, 0, 0, 1, 1, 0, 0, 0, 0, 0, 0, 0]",
"Wir müssen zurück zur Herrschaft des Rechts , meine Damen und Herren .","[START] Wir [END] müssen zurück zur [START] Herrschaft [END] [START] des Rechts [END] , [START] meine Damen [END] und [START] Herren [END] .","['B', 'O', 'O', 'O', 'B', 'B', 'I', 'O', 'B', 'I', 'O', 'B', 'O']","[1, 0, 0, 1, 1]",,"[1, 0, 0, 0, 0, 0, 0, 0, 1, 1, 0, 1, 0]",
"Dort waren zwei Jungs aus Syrien , acht Jahre und sechs Jahre alt .","Dort waren [START] zwei Jungs [END] aus [START] Syrien [END] , acht Jahre und sechs Jahre alt .","['O', 'O', 'B', 'I', 'O', 'B', 'O', 'O', 'O', 'O', 'O', 'O', 'O', 'O']","[1, 0]",,"[0, 0, 1, 1, 0, 0, 0, 0, 0, 0, 0, 0, 0, 0]",
Auf der anderen Seite haben wir den Antrag der Liberalen .,Auf [START] der anderen Seite [END] haben [START] wir [END] [START] den Antrag [END] [START] der Liberalen [END] .,"['O', 'B', 'I', 'I', 'O', 'B', 'B', 'I', 'B', 'I', 'O']","[0, 1, 0, 1]",,"[0, 0, 0, 0, 0, 1, 0, 0, 1, 1, 0]",
"Er ist ein Faustschlag ins Gesicht derer und dazu geeignet , jeglicher Diskussion , Argumentation und Kommunikation ein Ende zu setzen , und das ist das Letzte , was wir im Bereich der Kernenergie und im Bereich der Sicherheit brauchen .","[START] Er [END] ist [START] ein Faustschlag [END] ins [START] Gesicht [END] [START] derer [END] und dazu geeignet , [START] jeglicher Diskussion [END] , [START] Argumentation [END] und [START] Kommunikation [END] [START] ein Ende [END] zu setzen , und [START] das [END] ist [START] das Letzte [END] , [START] was [END] [START] wir [END] im [START] Bereich [END] [START] der Kernenergie [END] und im [START] Bereich [END] [START] der Sicherheit [END] brauchen .","['B', 'O', 'B', 'I', 'O', 'B', 'B', 'O', 'O', 'O', 'O', 'B', 'I', 'O', 'B', 'O', 'B', 'B', 'I', 'O', 'O', 'O', 'O', 'B', 'O', 'B', 'I', 'O', 'B', 'B', 'O', 'B', 'B', 'I', 'O', 'O', 'B', 'B', 'I', 'O', 'O']","[0, 0, 0, 0, 0, 0, 0, 0, 0, 0, 0, 1, 0, 0, 0, 0]",,"[0, 0, 0, 0, 0, 0, 0, 0, 0, 0, 0, 0, 0, 0, 0, 0, 0, 0, 0, 0, 0, 0, 0, 0, 0, 0, 0, 0, 0, 1, 0, 0, 0, 0, 0, 0, 0, 0, 0, 0, 0]",
"“ , und es ist doch nicht so .","“ , und [START] es [END] ist doch nicht so .","['O', 'O', 'O', 'B', 'O', 'O', 'O', 'O', 'O']",[0],,"[0, 0, 0, 0, 0, 0, 0, 0, 0]",
Vielen Dank .,Vielen Dank .,"['O', 'O', 'O']",[],,"[0, 0, 0]",
"Dieses Datum , dem Sturm auf die Bastille vergleichbar , hätte eigentlich unser Feiertag sein müssen – Matthias Platzeck hat es gesagt – , wenn es historisch nicht anderweitig belastet wäre .","[START] Dieses Datum [END] , [START] dem Sturm [END] auf [START] die Bastille [END] vergleichbar , hätte eigentlich [START] unser Feiertag [END] sein müssen – [START] Matthias Platzeck [END] hat [START] es [END] gesagt – , wenn [START] es [END] historisch nicht anderweitig belastet wäre .","['B', 'I', 'O', 'B', 'I', 'O', 'B', 'I', 'O', 'O', 'O', 'O', 'B', 'I', 'O', 'O', 'O', 'B', 'I', 'O', 'B', 'O', 'O', 'O', 'O', 'B', 'O', 'O', 'O', 'O', 'O', 'O']","[0, 0, 0, 0, 1, 0, 0]",,"[0, 0, 0, 0, 0, 0, 0, 0, 0, 0, 0, 0, 0, 0, 0, 0, 0, 1, 1, 0, 0, 0, 0, 0, 0, 0, 0, 0, 0, 0, 0, 0]",
"Denn wenn man Energie produziert , dann braucht man keine Leitungen , die die Energie dahin bringen , wo keine Energie produziert wird .","Denn wenn [START] man [END] [START] Energie [END] produziert , dann braucht [START] man [END] [START] keine Leitungen [END] , [START] die [END] [START] die Energie [END] dahin bringen , wo [START] keine Energie [END] produziert wird .","['O', 'O', 'B', 'B', 'O', 'O', 'O', 'O', 'B', 'B', 'I', 'O', 'B', 'B', 'I', 'O', 'O', 'O', 'O', 'B', 'I', 'O', 'O', 'O']","[1, 0, 1, 0, 0, 0, 0]",,"[0, 0, 1, 0, 0, 0, 0, 0, 1, 0, 0, 0, 0, 0, 0, 0, 0, 0, 0, 0, 0, 0, 0, 0]",
"Dahinter steckte eine geschmacklose Aktion , die sich nicht nur gegen mich , sondern auch gegen die Büros von CDU , SPD und Grünen richtete .","Dahinter steckte [START] eine geschmacklose Aktion [END] , [START] die [END] [START] sich [END] nicht nur gegen [START] mich [END] , sondern auch gegen [START] die Büros [END] von [START] CDU [END] , [START] SPD [END] und [START] Grünen [END] richtete .","['O', 'O', 'B', 'I', 'I', 'O', 'B', 'B', 'O', 'O', 'O', 'B', 'O', 'O', 'O', 'O', 'B', 'I', 'O', 'B', 'O', 'B', 'O', 'B', 'O', 'O']","[0, 0, 0, 0, 0, 1, 1, 1]",,"[0, 0, 0, 0, 0, 0, 0, 0, 0, 0, 0, 0, 0, 0, 0, 0, 0, 0, 0, 1, 0, 1, 0, 1, 0, 0]",
"Was aber nicht geschehen darf , ist , dass der Zugang zu dieser ansonsten sehr guten und auch sehr prominenten Regelung erschwert wird .","[START] Was [END] aber nicht geschehen darf , ist , dass [START] der Zugang [END] zu [START] dieser ansonsten sehr guten und auch sehr prominenten Regelung [END] erschwert wird .","['B', 'O', 'O', 'O', 'O', 'O', 'O', 'O', 'O', 'B', 'I', 'O', 'B', 'I', 'I', 'I', 'I', 'I', 'I', 'I', 'I', 'O', 'O', 'O']","[0, 0, 0]",,"[0, 0, 0, 0, 0, 0, 0, 0, 0, 0, 0, 0, 0, 0, 0, 0, 0, 0, 0, 0, 0, 0, 0, 0]",
"All Ihre vollmundigen , realitätsfernen Versprechungen wie 1,5 Millionen neue Wohnungen , Mietpreisbremse , Dachgeschossausbau sind aber nichts als Taschenspielertricks , um vom eigentlichen Thema abzulenken , dem weißen Elefanten , der mitten im Raum steht und über den niemand sprechen darf , nämlich die Bevölkerungsentwicklung .","[START] All Ihre vollmundigen , realitätsfernen Versprechungen [END] wie 1,5 Millionen [START] neue Wohnungen [END] , [START] Mietpreisbremse [END] , [START] Dachgeschossausbau [END] sind aber [START] nichts [END] als [START] Taschenspielertricks [END] , um vom [START] eigentlichen Thema [END] abzulenken , [START] dem weißen Elefanten [END] , [START] der [END] mitten im [START] Raum [END] steht und über [START] den [END] [START] niemand [END] sprechen darf , [START] nämlich die Bevölkerungsentwicklung [END] .","['B', 'I', 'I', 'I', 'I', 'I', 'O', 'O', 'O', 'B', 'I', 'O', 'B', 'O', 'B', 'O', 'O', 'B', 'O', 'B', 'O', 'O', 'O', 'B', 'I', 'O', 'O', 'B', 'I', 'I', 'O', 'B', 'O', 'O', 'B', 'O', 'O', 'O', 'B', 'B', 'O', 'O', 'O', 'B', 'I', 'I', 'O']","[0, 0, 0, 0, 0, 0, 0, 1, 0, 0, 0, 1, 0]",,"[0, 0, 0, 0, 0, 0, 0, 0, 0, 0, 0, 0, 0, 0, 0, 0, 0, 0, 0, 0, 0, 0, 0, 0, 0, 0, 0, 1, 1, 1, 0, 0, 0, 0, 0, 0, 0, 0, 0, 1, 0, 0, 0, 0, 0, 0, 0]",
"Es wäre doch unmenschlich , wenn man nicht sagen würde : Selbstverständlich müssen die Eltern dieser beiden Jungs , die hier draußen standen , die schon Deutsch gelernt haben , die alles daransetzen , hier anzukommen , die alles daransetzen , hier in Frieden zu leben , nachkommen .","[START] Es [END] wäre doch unmenschlich , wenn [START] man [END] nicht sagen würde : Selbstverständlich müssen [START] die Eltern [END] [START] dieser beiden Jungs [END] , [START] die [END] hier draußen standen , [START] die [END] schon [START] Deutsch [END] gelernt haben , [START] die [END] [START] alles [END] daransetzen , hier anzukommen , [START] die [END] [START] alles [END] daransetzen , hier in [START] Frieden [END] zu leben , nachkommen .","['B', 'O', 'O', 'O', 'O', 'O', 'B', 'O', 'O', 'O', 'O', 'O', 'O', 'B', 'I', 'B', 'I', 'I', 'O', 'B', 'O', 'O', 'O', 'O', 'B', 'O', 'B', 'O', 'O', 'O', 'B', 'B', 'O', 'O', 'O', 'O', 'O', 'B', 'B', 'O', 'O', 'O', 'O', 'B', 'O', 'O', 'O', 'O', 'O']","[0, 1, 1, 1, 0, 0, 0, 0, 0, 0, 0, 0]",,"[0, 0, 0, 0, 0, 0, 1, 0, 0, 0, 0, 0, 0, 1, 1, 1, 1, 1, 0, 0, 0, 0, 0, 0, 0, 0, 0, 0, 0, 0, 0, 0, 0, 0, 0, 0, 0, 0, 0, 0, 0, 0, 0, 0, 0, 0, 0, 0, 0]",
Vielen Dank .,Vielen Dank .,"['O', 'O', 'O']",[],,"[0, 0, 0]",
Zur Stärkung der Wirtschaft ist dabei jedes Mittel recht .,Zur [START] Stärkung [END] [START] der Wirtschaft [END] ist dabei [START] jedes Mittel [END] [START] recht [END] .,"['O', 'B', 'B', 'I', 'O', 'O', 'B', 'I', 'B', 'O']","[0, 1, 0, 0]",,"[0, 0, 1, 1, 0, 0, 0, 0, 0, 0]",
"Es fehlt an der Infrastruktur in den allgemeinbildenden Schulen und in den Berufsschulen , aber es fehlt auch an der individuellen Ausrüstung der Kinder und Jugendlichen .","Es fehlt an [START] der Infrastruktur [END] in [START] den allgemeinbildenden Schulen [END] und in [START] den Berufsschulen [END] , aber es fehlt auch an [START] der individuellen Ausrüstung [END] [START] der Kinder [END] und [START] Jugendlichen [END] .","['O', 'O', 'O', 'B', 'I', 'O', 'B', 'I', 'I', 'O', 'O', 'B', 'I', 'O', 'O', 'O', 'O', 'O', 'O', 'B', 'I', 'I', 'B', 'I', 'O', 'B', 'O']","[0, 0, 0, 0, 1, 1]",,"[0, 0, 0, 0, 0, 0, 0, 0, 0, 0, 0, 0, 0, 0, 0, 0, 0, 0, 0, 0, 0, 0, 1, 1, 0, 1, 0]",
"Aber wichtiger noch scheint mir ein anderes : Die Bürger der DDR sind damals unter Einsatz ihres Lebens nicht nur für die Einigkeit auf die Straße gegangen , sondern auch für das Recht und die Freiheit .","Aber wichtiger noch scheint [START] mir [END] ein anderes : [START] Die Bürger [END] [START] der DDR [END] sind damals unter [START] Einsatz [END] [START] ihres Lebens [END] nicht nur für [START] die Einigkeit [END] auf [START] die Straße [END] gegangen , sondern auch für [START] das Recht [END] und [START] die Freiheit [END] .","['O', 'O', 'O', 'O', 'B', 'O', 'O', 'O', 'B', 'I', 'B', 'I', 'O', 'O', 'O', 'B', 'B', 'I', 'O', 'O', 'O', 'B', 'I', 'O', 'B', 'I', 'O', 'O', 'O', 'O', 'O', 'B', 'I', 'O', 'B', 'I', 'O']","[0, 1, 1, 0, 0, 0, 0, 0, 0]",,"[0, 0, 0, 0, 0, 0, 0, 0, 1, 1, 1, 1, 0, 0, 0, 0, 0, 0, 0, 0, 0, 0, 0, 0, 0, 0, 0, 0, 0, 0, 0, 0, 0, 0, 0, 0, 0]",
"Ich möchte nur ergänzen : In der Bundesregierung ist es unser Minister Gerd Müller , der regelmäßig darauf hinweist und mit aller Kraft daran arbeitet , dies immer wieder in die Öffentlichkeit zu bringen , und der für Verbesserungen kämpft .","[START] Ich [END] möchte nur ergänzen : In [START] der Bundesregierung [END] ist [START] es [END] [START] unser Minister Gerd Müller [END] , [START] der [END] regelmäßig darauf hinweist und mit [START] aller Kraft [END] daran arbeitet , [START] dies [END] immer wieder in [START] die Öffentlichkeit [END] zu bringen , und [START] der [END] für [START] Verbesserungen [END] kämpft .","['B', 'O', 'O', 'O', 'O', 'O', 'B', 'I', 'O', 'B', 'B', 'I', 'I', 'I', 'O', 'B', 'O', 'O', 'O', 'O', 'O', 'B', 'I', 'O', 'O', 'O', 'B', 'O', 'O', 'O', 'B', 'I', 'O', 'O', 'O', 'O', 'B', 'O', 'B', 'O', 'O']","[1, 1, 0, 1, 0, 0, 0, 0, 0, 0]",,"[1, 0, 0, 0, 0, 0, 1, 1, 0, 0, 1, 1, 1, 1, 0, 0, 0, 0, 0, 0, 0, 0, 0, 0, 0, 0, 0, 0, 0, 0, 0, 0, 0, 0, 0, 0, 0, 0, 0, 0, 0]",
– umso schwieriger ist .,– umso schwieriger ist .,"['O', 'O', 'O', 'O', 'O']",[],,"[0, 0, 0, 0, 0]",
"Herr Kollege Dr. Hahn , gestatten Sie eine Zwischenfrage aus der AfD ?","Herr [START] Kollege Dr. Hahn [END] , gestatten [START] Sie [END] [START] eine Zwischenfrage [END] aus [START] der AfD [END] ?","['O', 'B', 'I', 'I', 'O', 'O', 'B', 'B', 'I', 'O', 'B', 'I', 'O']","[1, 0, 0, 1]",,"[0, 1, 1, 1, 0, 0, 0, 0, 0, 0, 1, 1, 0]",
"Dabei geht es eben nicht darum , betroffene Bürgerinnen und Bürger in ihren Mitspracherechten einzuschränken .","Dabei geht es eben nicht darum , [START] betroffene Bürgerinnen [END] und [START] Bürger [END] in [START] ihren Mitspracherechten [END] einzuschränken .","['O', 'O', 'O', 'O', 'O', 'O', 'O', 'B', 'I', 'O', 'B', 'O', 'B', 'I', 'O', 'O']","[1, 1, 0]",,"[0, 0, 0, 0, 0, 0, 0, 1, 1, 0, 1, 0, 0, 0, 0, 0]",
Nächster Redner : Sven-Christian Kindler für Bündnis 90 / Die Grünen .,[START] Nächster Redner [END] : [START] Sven-Christian Kindler [END] für [START] Bündnis [END] 90 / [START] Die Grünen [END] .,"['B', 'I', 'O', 'B', 'I', 'O', 'B', 'O', 'O', 'B', 'I', 'O']","[1, 1, 0, 1]",,"[1, 1, 0, 1, 1, 0, 0, 0, 0, 1, 1, 0]",
"Ihr Antrag ist damit keine Handreichung für jene , die Kernenergie befürworten und vielleicht eine Handreichung brauchen , andere Energieerzeugungsformen für besser zu befinden .","[START] Ihr Antrag [END] ist damit [START] keine Handreichung [END] für [START] jene [END] , [START] die Kernenergie [END] befürworten und vielleicht [START] eine Handreichung [END] brauchen , [START] andere Energieerzeugungsformen [END] für besser zu befinden .","['B', 'I', 'O', 'O', 'B', 'I', 'O', 'B', 'O', 'B', 'I', 'O', 'O', 'O', 'B', 'I', 'O', 'O', 'B', 'I', 'O', 'O', 'O', 'O', 'O']","[0, 0, 0, 0, 0, 0]",,"[0, 0, 0, 0, 0, 0, 0, 0, 0, 0, 0, 0, 0, 0, 0, 0, 0, 0, 0, 0, 0, 0, 0, 0, 0]",
"Darüber ist geredet worden , und darüber wird jetzt geredet .","Darüber ist geredet worden , und darüber wird jetzt geredet .","['O', 'O', 'O', 'O', 'O', 'O', 'O', 'O', 'O', 'O', 'O']",[],,"[0, 0, 0, 0, 0, 0, 0, 0, 0, 0, 0]",
Wir erleben nämlich derzeit ein drastisches Wachstum des Energieverbrauchs digitaler Anwendungen .,[START] Wir [END] erleben nämlich derzeit [START] ein drastisches Wachstum [END] [START] des Energieverbrauchs [END] [START] digitaler Anwendungen [END] .,"['B', 'O', 'O', 'O', 'B', 'I', 'I', 'B', 'I', 'B', 'I', 'O']","[1, 0, 0, 0]",,"[1, 0, 0, 0, 0, 0, 0, 0, 0, 0, 0, 0]",
"Dass Sie aber jetzt so tun , als sei diese Demonstration eine linksextremistische Veranstaltung gewesen , geht nicht .","Dass [START] Sie [END] aber jetzt so tun , als sei [START] diese Demonstration [END] [START] eine linksextremistische Veranstaltung [END] gewesen , geht nicht .","['O', 'B', 'O', 'O', 'O', 'O', 'O', 'O', 'O', 'B', 'I', 'B', 'I', 'I', 'O', 'O', 'O', 'O', 'O']","[0, 0, 0]",,"[0, 0, 0, 0, 0, 0, 0, 0, 0, 0, 0, 0, 0, 0, 0, 0, 0, 0, 0]",
Die Kinder brauchen doch Mutter und Vater .,[START] Die Kinder [END] brauchen doch [START] Mutter [END] und [START] Vater [END] .,"['B', 'I', 'O', 'O', 'B', 'O', 'B', 'O']","[1, 1, 1]",,"[1, 1, 0, 0, 1, 0, 1, 0]",
Das kann man ihnen nicht übel nehmen .,[START] Das [END] kann [START] man [END] [START] ihnen [END] nicht übel nehmen .,"['B', 'O', 'B', 'B', 'O', 'O', 'O', 'O']","[0, 1, 0]",,"[0, 0, 1, 0, 0, 0, 0, 0]",
"Danke , Herr Außenminister , für die Fragemöglichkeit .","Danke , [START] Herr Außenminister [END] , für [START] die Fragemöglichkeit [END] .","['O', 'O', 'B', 'I', 'O', 'O', 'B', 'I', 'O']","[1, 0]",,"[0, 0, 1, 1, 0, 0, 0, 0, 0]",
"In 30 Jahren gab es deshalb lediglich einen einzigen Volksentscheid in Sachsen , und zwar zum Thema „ Pro Kommunale Sparkasse “ , als die Staatsregierung über eine Holding deren Eigenständigkeit abschaffen wollte .","In [START] 30 Jahren [END] gab es deshalb lediglich [START] einen einzigen Volksentscheid [END] in [START] Sachsen [END] , und zwar zum [START] Thema [END] „ Pro [START] Kommunale Sparkasse [END] “ , als [START] die Staatsregierung [END] über [START] eine Holding [END] [START] deren [END] Eigenständigkeit abschaffen wollte .","['O', 'B', 'I', 'O', 'O', 'O', 'O', 'B', 'I', 'I', 'O', 'B', 'O', 'O', 'O', 'O', 'B', 'O', 'O', 'B', 'I', 'O', 'O', 'O', 'B', 'I', 'O', 'B', 'I', 'B', 'O', 'O', 'O', 'O']","[0, 0, 0, 0, 0, 1, 0, 0]",,"[0, 0, 0, 0, 0, 0, 0, 0, 0, 0, 0, 0, 0, 0, 0, 0, 0, 0, 0, 0, 0, 0, 0, 0, 1, 1, 0, 0, 0, 0, 0, 0, 0, 0]",
Künftig ist nur noch die Verfassungsklage gegen das spezielle Maßnahmengesetz möglich .,Künftig ist nur noch [START] die Verfassungsklage [END] gegen [START] das spezielle Maßnahmengesetz [END] möglich .,"['O', 'O', 'O', 'O', 'B', 'I', 'O', 'B', 'I', 'I', 'O', 'O']","[0, 0]",,"[0, 0, 0, 0, 0, 0, 0, 0, 0, 0, 0, 0]",
"Ich will auch noch mal was zu dem Thema der Rekordinvestitionen sagen , mit dem sich die Koalition hier immer brüstet : In einer wachsenden Wirtschaft mit einem wachsenden Bundeshaushalt haben Sie ja jedes Jahr Rekordinvestitionen , selbst wenn Sie überhaupt nichts verbessern , wenn Sie einfach nur den Stand halten .","[START] Ich [END] will auch noch mal [START] was [END] zu [START] dem Thema [END] [START] der Rekordinvestitionen [END] sagen , mit [START] dem [END] [START] sich [END] [START] die Koalition [END] hier immer brüstet : In [START] einer wachsenden Wirtschaft [END] mit [START] einem wachsenden Bundeshaushalt [END] haben [START] Sie [END] ja [START] jedes Jahr [END] Rekordinvestitionen , selbst wenn [START] Sie [END] [START] überhaupt nichts [END] verbessern , wenn [START] Sie [END] einfach nur [START] den Stand [END] halten .","['B', 'O', 'O', 'O', 'O', 'B', 'O', 'B', 'I', 'B', 'I', 'O', 'O', 'O', 'B', 'B', 'B', 'I', 'O', 'O', 'O', 'O', 'O', 'B', 'I', 'I', 'O', 'B', 'I', 'I', 'O', 'B', 'O', 'B', 'I', 'O', 'O', 'O', 'O', 'B', 'B', 'I', 'O', 'O', 'O', 'B', 'O', 'O', 'B', 'I', 'O', 'O']","[1, 0, 0, 0, 0, 0, 1, 0, 1, 0, 0, 0, 0, 0, 0]",,"[1, 0, 0, 0, 0, 0, 0, 0, 0, 0, 0, 0, 0, 0, 0, 0, 1, 1, 0, 0, 0, 0, 0, 0, 0, 0, 0, 1, 1, 1, 0, 0, 0, 0, 0, 0, 0, 0, 0, 0, 0, 0, 0, 0, 0, 0, 0, 0, 0, 0, 0, 0]",
Wollen Sie allen Ernstes bei Vermietungen zwischen 50 und 66 Prozent der ortsüblichen Miete wieder die Totalüberschussprognose einführen ?,Wollen [START] Sie [END] [START] allen Ernstes [END] bei [START] Vermietungen [END] zwischen [START] 50 und 66 Prozent [END] [START] der ortsüblichen Miete [END] wieder [START] die Totalüberschussprognose [END] einführen ?,"['O', 'B', 'B', 'I', 'O', 'B', 'O', 'B', 'I', 'I', 'I', 'B', 'I', 'I', 'O', 'B', 'I', 'O', 'O']","[0, 0, 0, 0, 0, 0]",,"[0, 0, 0, 0, 0, 0, 0, 0, 0, 0, 0, 0, 0, 0, 0, 0, 0, 0, 0]",
"Schließlich der selbstherrliche Regierungsstil von Frau Merkel , der das Parlament immer weiter marginalisiert : Entscheidungen von größter Tragweite und Schädlichkeit für das Land werden von der Legislative doch nur noch abgenickt .","[START] Schließlich der selbstherrliche Regierungsstil [END] von [START] Frau Merkel [END] , [START] der [END] [START] das Parlament [END] immer weiter marginalisiert : [START] Entscheidungen [END] von [START] größter Tragweite [END] und [START] Schädlichkeit [END] für [START] das Land [END] werden von [START] der Legislative [END] doch nur noch abgenickt .","['B', 'I', 'I', 'I', 'O', 'B', 'I', 'O', 'B', 'B', 'I', 'O', 'O', 'O', 'O', 'B', 'O', 'B', 'I', 'O', 'B', 'O', 'B', 'I', 'O', 'O', 'B', 'I', 'O', 'O', 'O', 'O', 'O']","[0, 1, 0, 1, 0, 0, 0, 1, 1]",,"[0, 0, 0, 0, 0, 1, 1, 0, 0, 1, 1, 0, 0, 0, 0, 0, 0, 0, 0, 0, 0, 0, 1, 1, 0, 0, 1, 1, 0, 0, 0, 0, 0]",
Mehr Transitgüterverkehr muss von den Autobahnen auf die Schiene geholt werden .,[START] Mehr Transitgüterverkehr [END] muss von [START] den Autobahnen [END] auf [START] die Schiene [END] geholt werden .,"['B', 'I', 'O', 'O', 'B', 'I', 'O', 'B', 'I', 'O', 'O', 'O']","[0, 0, 0]",,"[0, 0, 0, 0, 0, 0, 0, 0, 0, 0, 0, 0]",
"Ich zitiere : „ Diejenigen , die derzeit von Wiedervereinigung daherreden , haben aus der Geschichte nichts gelernt ... “ , so Hans Eichel , der spätere SPD-Finanzminister noch im November 1989 , oder Joschka Fischer im Oktober 1989 : „ Vergessen wir die Wiedervereinigung .","[START] Ich [END] zitiere : [START] „ Diejenigen [END] , [START] die [END] derzeit von [START] Wiedervereinigung [END] daherreden , haben aus [START] der Geschichte [END] [START] nichts [END] gelernt ... “ , so Hans Eichel , der spätere SPD-Finanzminister noch im [START] November [END] 1989 , oder [START] Joschka Fischer [END] im [START] Oktober [END] 1989 : „ Vergessen [START] wir [END] [START] die Wiedervereinigung [END] .","['B', 'O', 'O', 'B', 'I', 'O', 'B', 'O', 'O', 'B', 'O', 'O', 'O', 'O', 'B', 'I', 'B', 'O', 'O', 'O', 'O', 'O', 'O', 'O', 'O', 'O', 'O', 'O', 'O', 'O', 'B', 'O', 'O', 'O', 'B', 'I', 'O', 'B', 'O', 'O', 'O', 'O', 'B', 'B', 'I', 'O']","[1, 0, 0, 0, 0, 0, 0, 1, 0, 1, 0]",,"[1, 0, 0, 0, 0, 0, 0, 0, 0, 0, 0, 0, 0, 0, 0, 0, 0, 0, 0, 0, 0, 0, 0, 0, 0, 0, 0, 0, 0, 0, 0, 0, 0, 0, 1, 1, 0, 0, 0, 0, 0, 0, 1, 0, 0, 0]",
"Aus unserer Sicht sind das zwei recht extreme Positionen , zwischen denen die AfD steht .","Aus [START] unserer Sicht [END] sind [START] das zwei recht extreme Positionen [END] , zwischen [START] denen [END] [START] die AfD [END] steht .","['O', 'B', 'I', 'O', 'B', 'I', 'I', 'I', 'I', 'O', 'O', 'B', 'B', 'I', 'O', 'O']","[0, 0, 0, 1]",,"[0, 0, 0, 0, 0, 0, 0, 0, 0, 0, 0, 0, 1, 1, 0, 0]",
Wir wollen mit diesem Gesetz mal bewusst einen ganz neuen Weg ausprobieren .,[START] Wir [END] wollen mit [START] diesem Gesetz [END] mal bewusst [START] einen ganz neuen Weg [END] ausprobieren .,"['B', 'O', 'O', 'B', 'I', 'O', 'O', 'B', 'I', 'I', 'I', 'O', 'O']","[1, 0, 0]",,"[1, 0, 0, 0, 0, 0, 0, 0, 0, 0, 0, 0, 0]",
Sie sind noch in keiner Koalition .,[START] Sie [END] sind noch in [START] keiner Koalition [END] .,"['B', 'O', 'O', 'O', 'B', 'I', 'O']","[0, 1]",,"[0, 0, 0, 0, 1, 1, 0]",
"Es gibt noch einen weiteren Grund , weshalb wir mit kostenlosen Antikörpertests nicht nur diesen jungen Menschen Entscheidungshilfe liefern sollten , sondern auch unser Impfsystem insgesamt entlasten .","Es gibt noch [START] einen weiteren Grund [END] , weshalb [START] wir [END] mit [START] kostenlosen Antikörpertests [END] [START] nicht nur diesen jungen Menschen [END] [START] Entscheidungshilfe [END] liefern sollten , sondern [START] auch unser Impfsystem [END] insgesamt entlasten .","['O', 'O', 'O', 'B', 'I', 'I', 'O', 'O', 'B', 'O', 'B', 'I', 'B', 'I', 'I', 'I', 'I', 'B', 'O', 'O', 'O', 'O', 'B', 'I', 'I', 'O', 'O', 'O']","[0, 1, 0, 1, 0, 0]",,"[0, 0, 0, 0, 0, 0, 0, 0, 1, 0, 0, 0, 1, 1, 1, 1, 1, 0, 0, 0, 0, 0, 0, 0, 0, 0, 0, 0]",
"Es ist jedem unbenommen , darüber zu diskutieren , ob das ausreichend ist oder nicht .","[START] Es [END] ist [START] jedem [END] unbenommen , darüber zu diskutieren , ob [START] das [END] ausreichend ist oder nicht .","['B', 'O', 'B', 'O', 'O', 'O', 'O', 'O', 'O', 'O', 'B', 'O', 'O', 'O', 'O', 'O']","[0, 0, 0]",,"[0, 0, 0, 0, 0, 0, 0, 0, 0, 0, 0, 0, 0, 0, 0, 0]",
Dann haben wir wirklich aus der Geschichte gelernt .,Dann haben [START] wir [END] wirklich aus [START] der Geschichte [END] gelernt .,"['O', 'O', 'B', 'O', 'O', 'B', 'I', 'O', 'O']","[1, 0]",,"[0, 0, 1, 0, 0, 0, 0, 0, 0]",
Das unterstützen wir nachdrücklich .,[START] Das [END] unterstützen [START] wir [END] nachdrücklich .,"['B', 'O', 'B', 'O', 'O']","[0, 1]",,"[0, 0, 1, 0, 0]",
"Damit sich die Fahrgäste wohlfühlen , muss jetzt mehr für die Hygiene getan werden , zum Beispiel durch Luftfilterung mit verbesserten Klimaanlagen .","Damit [START] sich [END] [START] die Fahrgäste [END] wohlfühlen , muss jetzt mehr für [START] die Hygiene [END] getan werden , zum [START] Beispiel [END] durch [START] Luftfilterung [END] mit [START] verbesserten Klimaanlagen [END] .","['O', 'B', 'B', 'I', 'O', 'O', 'O', 'O', 'O', 'O', 'B', 'I', 'O', 'O', 'O', 'O', 'B', 'O', 'B', 'O', 'B', 'I', 'O']","[0, 1, 0, 0, 0, 0]",,"[0, 0, 1, 1, 0, 0, 0, 0, 0, 0, 0, 0, 0, 0, 0, 0, 0, 0, 0, 0, 0, 0, 0]",
"Wenn das der Fall ist , wenn alle Beteiligten endlich an einem Tisch sitzen , dann ist das nichts anderes als die Eröffnung eines wirklichen politischen Prozesses zur Lösung des Syrien-Konfliktes .","Wenn [START] das [END] [START] der Fall [END] ist , wenn [START] alle Beteiligten [END] endlich an [START] einem Tisch [END] sitzen , dann ist [START] das [END] [START] nichts anderes [END] als die Eröffnung [START] eines wirklichen politischen Prozesses [END] zur [START] Lösung [END] [START] des Syrien-Konfliktes [END] .","['O', 'B', 'B', 'I', 'O', 'O', 'O', 'B', 'I', 'O', 'O', 'B', 'I', 'O', 'O', 'O', 'O', 'B', 'B', 'I', 'O', 'O', 'O', 'B', 'I', 'I', 'I', 'O', 'B', 'B', 'I', 'O']","[0, 0, 1, 0, 0, 0, 0, 0, 0]",,"[0, 0, 0, 0, 0, 0, 0, 1, 1, 0, 0, 0, 0, 0, 0, 0, 0, 0, 0, 0, 0, 0, 0, 0, 0, 0, 0, 0, 0, 0, 0, 0]",
"Sie werden uns nachsehen , dass wir nach wie vor der Überzeugung sind , dass da , wo Gewinne versteuert werden , auch Verluste steuerlich akzeptiert werden müssen .","[START] Sie [END] werden [START] uns [END] nachsehen , dass [START] wir [END] nach wie vor [START] der Überzeugung [END] sind , dass da , wo [START] Gewinne [END] versteuert werden , [START] auch Verluste [END] steuerlich akzeptiert werden müssen .","['B', 'O', 'B', 'O', 'O', 'O', 'B', 'O', 'O', 'O', 'B', 'I', 'O', 'O', 'O', 'O', 'O', 'O', 'B', 'O', 'O', 'O', 'B', 'I', 'O', 'O', 'O', 'O', 'O']","[0, 0, 1, 0, 0, 0]",,"[0, 0, 0, 0, 0, 0, 1, 0, 0, 0, 0, 0, 0, 0, 0, 0, 0, 0, 0, 0, 0, 0, 0, 0, 0, 0, 0, 0, 0]",
"Staatsminister Michael Roth , SPD , ist der nächste Redner .","[START] Staatsminister Michael Roth [END] , [START] SPD [END] , ist [START] der nächste Redner [END] .","['B', 'I', 'I', 'O', 'B', 'O', 'O', 'B', 'I', 'I', 'O']","[1, 1, 1]",,"[1, 1, 1, 0, 1, 0, 0, 1, 1, 1, 0]",
"Jetzt mag man sagen : Naja , diese natürliche Immunität hilft vielleicht nicht gegen die Mutationen , und sie ist vielleicht auch nicht dauerhaft .","Jetzt mag [START] man [END] sagen : Naja , [START] diese natürliche Immunität [END] hilft vielleicht nicht gegen [START] die Mutationen [END] , und [START] sie [END] ist vielleicht auch nicht dauerhaft .","['O', 'O', 'B', 'O', 'O', 'O', 'O', 'B', 'I', 'I', 'O', 'O', 'O', 'O', 'B', 'I', 'O', 'O', 'B', 'O', 'O', 'O', 'O', 'O', 'O']","[1, 0, 0, 0]",,"[0, 0, 1, 0, 0, 0, 0, 0, 0, 0, 0, 0, 0, 0, 0, 0, 0, 0, 0, 0, 0, 0, 0, 0, 0]",
Daneben möchte die FDP der Wirtschaft mit noch mehr Fachkräften helfen .,Daneben möchte [START] die FDP [END] [START] der Wirtschaft [END] mit [START] noch mehr Fachkräften [END] helfen .,"['O', 'O', 'B', 'I', 'B', 'I', 'O', 'B', 'I', 'I', 'O', 'O']","[1, 0, 1]",,"[0, 0, 1, 1, 0, 0, 0, 1, 1, 1, 0, 0]",
"Ich lasse Fragen immer dann zu , wenn derjenige oder diejenige nicht schon im Plenum geredet hat oder noch reden wird .","[START] Ich [END] lasse [START] Fragen [END] immer dann zu , wenn [START] derjenige [END] oder [START] diejenige [END] nicht schon im [START] Plenum [END] geredet hat oder noch reden wird .","['B', 'O', 'B', 'O', 'O', 'O', 'O', 'O', 'B', 'O', 'B', 'O', 'O', 'O', 'B', 'O', 'O', 'O', 'O', 'O', 'O', 'O']","[1, 0, 1, 1, 1]",,"[1, 0, 0, 0, 0, 0, 0, 0, 1, 0, 1, 0, 0, 0, 1, 0, 0, 0, 0, 0, 0, 0]",
Die Situation im Land ist dramatisch .,[START] Die Situation [END] im [START] Land [END] ist dramatisch .,"['B', 'I', 'O', 'B', 'O', 'O', 'O']","[0, 0]",,"[0, 0, 0, 0, 0, 0, 0]",
Wir hatten diese Bürokratie bereits abgeschafft ; jetzt soll das wieder kommen .,[START] Wir [END] hatten [START] diese Bürokratie [END] bereits abgeschafft ; jetzt soll [START] das [END] wieder kommen .,"['B', 'O', 'B', 'I', 'O', 'O', 'O', 'O', 'O', 'B', 'O', 'O', 'O']","[1, 0, 0]",,"[1, 0, 0, 0, 0, 0, 0, 0, 0, 0, 0, 0, 0]",
"Davon wird abhängig sein , welche Pläne wir weiterverfolgen und welche nicht .","Davon wird abhängig sein , [START] welche Pläne [END] wir weiterverfolgen und [START] welche [END] nicht .","['O', 'O', 'O', 'O', 'O', 'B', 'I', 'O', 'O', 'O', 'B', 'O', 'O']","[0, 0]",,"[0, 0, 0, 0, 0, 0, 0, 0, 0, 0, 0, 0, 0]",
Die deutsche Bevölkerung schrumpft seit 2010 um circa 175 0 Menschen pro Jahr .,[START] Die deutsche Bevölkerung [END] schrumpft seit 2010 um [START] circa 175 0 Menschen [END] pro [START] Jahr [END] .,"['B', 'I', 'I', 'O', 'O', 'O', 'O', 'B', 'I', 'I', 'I', 'O', 'B', 'O']","[1, 1, 0]",,"[1, 1, 1, 0, 0, 0, 0, 1, 1, 1, 1, 0, 0, 0]",
"– Es ist doch absurd , zu sagen : Vielleicht ist das ein Härtefall – oder eben auch nicht , meine Damen und Herren .","[START] – Es [END] ist doch absurd , zu sagen : Vielleicht ist [START] das [END] [START] ein Härtefall [END] – oder eben auch nicht , [START] meine Damen [END] und [START] Herren [END] .","['B', 'I', 'O', 'O', 'O', 'O', 'O', 'O', 'O', 'O', 'O', 'B', 'B', 'I', 'O', 'O', 'O', 'O', 'O', 'O', 'B', 'I', 'O', 'B', 'O']","[0, 0, 0, 1, 1]",,"[0, 0, 0, 0, 0, 0, 0, 0, 0, 0, 0, 0, 0, 0, 0, 0, 0, 0, 0, 0, 1, 1, 0, 1, 0]",
"Aber ich will Ihnen , auch aus der Kenntnis heraus , dort regelmäßig zu sitzen , einmal sagen : So schnell – und zwar unmittelbar nach der türkischen Offensive in Nordostsyrien – die Europäische Union in einer solchen Frage zu einer geschlossenen Haltung zu bringen , halte ich für einen Erfolg – ob Sie das so sehen oder eben nicht .","Aber [START] ich [END] will [START] Ihnen [END] , auch aus [START] der Kenntnis [END] heraus , dort regelmäßig zu sitzen , einmal sagen : So schnell – und zwar unmittelbar nach [START] der türkischen Offensive [END] in [START] Nordostsyrien [END] – die Europäische Union in [START] einer solchen Frage [END] zu [START] einer geschlossenen Haltung [END] zu bringen , halte [START] ich [END] für [START] einen Erfolg [END] – ob [START] Sie [END] [START] das [END] so sehen oder eben nicht .","['O', 'B', 'O', 'B', 'O', 'O', 'O', 'B', 'I', 'O', 'O', 'O', 'O', 'O', 'O', 'O', 'O', 'O', 'O', 'O', 'O', 'O', 'O', 'O', 'O', 'O', 'B', 'I', 'I', 'O', 'B', 'O', 'O', 'O', 'O', 'O', 'B', 'I', 'I', 'O', 'B', 'I', 'I', 'O', 'O', 'O', 'O', 'B', 'O', 'B', 'I', 'O', 'O', 'B', 'B', 'O', 'O', 'O', 'O', 'O', 'O']","[1, 0, 0, 0, 0, 0, 0, 1, 0, 0, 0]",,"[0, 1, 0, 0, 0, 0, 0, 0, 0, 0, 0, 0, 0, 0, 0, 0, 0, 0, 0, 0, 0, 0, 0, 0, 0, 0, 0, 0, 0, 0, 0, 0, 0, 0, 0, 0, 0, 0, 0, 0, 0, 0, 0, 0, 0, 0, 0, 1, 0, 0, 0, 0, 0, 0, 0, 0, 0, 0, 0, 0, 0]",
Das wollen wir als Linke ausdrücklich nicht .,[START] Das [END] wollen [START] wir [END] als [START] Linke [END] ausdrücklich nicht .,"['B', 'O', 'B', 'O', 'B', 'O', 'O', 'O']","[0, 1, 1]",,"[0, 0, 1, 0, 1, 0, 0, 0]",
Tatsächlich wird die Wohnungsnot in Deutschland jedoch jedes Jahr größer .,Tatsächlich wird [START] die Wohnungsnot [END] in [START] Deutschland [END] jedoch jedes Jahr größer .,"['O', 'O', 'B', 'I', 'O', 'B', 'O', 'O', 'O', 'O', 'O']","[0, 0]",,"[0, 0, 0, 0, 0, 0, 0, 0, 0, 0, 0]",
"– Da gibt es doch nichts zu lachen , Frau Kollegin .","– Da gibt es doch [START] nichts [END] zu lachen , [START] Frau Kollegin [END] .","['O', 'O', 'O', 'O', 'O', 'B', 'O', 'O', 'O', 'B', 'I', 'O']","[0, 1]",,"[0, 0, 0, 0, 0, 0, 0, 0, 0, 1, 1, 0]",
Recht hat der Mann .,[START] Recht [END] hat [START] der Mann [END] .,"['B', 'O', 'B', 'I', 'O']","[0, 1]",,"[0, 0, 1, 1, 0]",
"Das fand dann zwar Eingang in die Verfassungen der ostdeutschen Bundesländer , in der Realität kam dies jedoch kaum zur Anwendung .","[START] Das [END] fand dann zwar [START] Eingang [END] in [START] die Verfassungen [END] [START] der ostdeutschen Bundesländer [END] , in [START] der Realität [END] kam [START] dies [END] jedoch kaum zur [START] Anwendung [END] .","['B', 'O', 'O', 'O', 'B', 'O', 'B', 'I', 'B', 'I', 'I', 'O', 'O', 'B', 'I', 'O', 'B', 'O', 'O', 'O', 'B', 'O']","[0, 0, 0, 1, 0, 0, 0]",,"[0, 0, 0, 0, 0, 0, 0, 0, 1, 1, 1, 0, 0, 0, 0, 0, 0, 0, 0, 0, 0, 0]",
"Der Bahnverkehr , vor allem der Personenverkehr , hat durch den Lockdown dramatische Einbrüche erlebt .","[START] Der Bahnverkehr [END] , vor [START] allem [END] der Personenverkehr , hat durch [START] den Lockdown [END] [START] dramatische Einbrüche [END] erlebt .","['B', 'I', 'O', 'O', 'B', 'O', 'O', 'O', 'O', 'O', 'B', 'I', 'B', 'I', 'O', 'O']","[0, 0, 0, 0]",,"[0, 0, 0, 0, 0, 0, 0, 0, 0, 0, 0, 0, 0, 0, 0, 0]",
Herr Präsident !,[START] Herr Präsident [END] !,"['B', 'I', 'O']",[1],,"[1, 1, 0]",
"Wenn eine Vorschrift im Kern gut ist , sollte es uns doch eigentlich mal gelingen , sie dann auch so auszugestalten , dass das Gute nicht gleich wieder durch ein Mehr an Bürokratie aufgefressen wird .","Wenn [START] eine Vorschrift [END] im [START] Kern [END] gut ist , sollte [START] es [END] [START] uns [END] doch eigentlich mal gelingen , [START] sie [END] dann auch so auszugestalten , dass [START] das Gute [END] nicht gleich wieder durch [START] ein Mehr [END] an [START] Bürokratie [END] aufgefressen wird .","['O', 'B', 'I', 'O', 'B', 'O', 'O', 'O', 'O', 'B', 'B', 'O', 'O', 'O', 'O', 'O', 'B', 'O', 'O', 'O', 'O', 'O', 'O', 'B', 'I', 'O', 'O', 'O', 'O', 'B', 'I', 'O', 'B', 'O', 'O', 'O']","[0, 0, 0, 0, 0, 0, 0, 0]",,"[0, 0, 0, 0, 0, 0, 0, 0, 0, 0, 0, 0, 0, 0, 0, 0, 0, 0, 0, 0, 0, 0, 0, 0, 0, 0, 0, 0, 0, 0, 0, 0, 0, 0, 0, 0]",
"Wir sehen , es gibt technische Lösungen , aber die technischen Lösungen sind aufgrund der Menge des Wassers nicht einfach umzusetzen .","[START] Wir [END] sehen , es gibt [START] technische Lösungen [END] , aber [START] die technischen Lösungen [END] sind aufgrund [START] der Menge [END] [START] des Wassers [END] nicht einfach umzusetzen .","['B', 'O', 'O', 'O', 'O', 'B', 'I', 'O', 'O', 'B', 'I', 'I', 'O', 'O', 'B', 'I', 'B', 'I', 'O', 'O', 'O', 'O']","[1, 0, 0, 0, 0]",,"[1, 0, 0, 0, 0, 0, 0, 0, 0, 0, 0, 0, 0, 0, 0, 0, 0, 0, 0, 0, 0, 0]",
"Angesichts von Hass , Hetze und Polarisierung , die die AfD seit Jahren in den Parlamenten und auf den Straßen betreibt , ist dieses basisdemokratische Gehabe einfach nur zynisch .","Angesichts von [START] Hass [END] , [START] Hetze [END] und [START] Polarisierung [END] , [START] die [END] [START] die AfD [END] seit [START] Jahren [END] in [START] den Parlamenten [END] und auf [START] den Straßen [END] betreibt , ist [START] dieses basisdemokratische Gehabe [END] einfach nur zynisch .","['O', 'O', 'B', 'O', 'B', 'O', 'B', 'O', 'B', 'B', 'I', 'O', 'B', 'O', 'B', 'I', 'O', 'O', 'B', 'I', 'O', 'O', 'O', 'B', 'I', 'I', 'O', 'O', 'O', 'O']","[0, 0, 0, 0, 1, 0, 1, 0, 0]",,"[0, 0, 0, 0, 0, 0, 0, 0, 0, 1, 1, 0, 0, 0, 1, 1, 0, 0, 0, 0, 0, 0, 0, 0, 0, 0, 0, 0, 0, 0]",
"In dem bereits vom Kollegen Daldrup erwähnten DeutschlandTrend sagen sogar 52 Prozent der FDP-Wählerinnen und FDP-Wähler , dass Sie die Vermögensteuer für eine gute Idee halten .","In dem bereits vom [START] Kollegen Daldrup [END] erwähnten DeutschlandTrend sagen [START] sogar 52 Prozent [END] [START] der FDP-Wählerinnen [END] und [START] FDP-Wähler [END] , dass [START] Sie [END] [START] die Vermögensteuer [END] für [START] eine gute Idee [END] halten .","['O', 'O', 'O', 'O', 'B', 'I', 'O', 'O', 'O', 'B', 'I', 'I', 'B', 'I', 'O', 'B', 'O', 'O', 'B', 'B', 'I', 'O', 'B', 'I', 'I', 'O', 'O']","[1, 0, 1, 1, 0, 0, 0]",,"[0, 0, 0, 0, 1, 1, 0, 0, 0, 0, 0, 0, 1, 1, 0, 1, 0, 0, 0, 0, 0, 0, 0, 0, 0, 0, 0]",
"Wir , wie alle anderen Beteiligten , erwarten von der Türkei , dass sie gerade jetzt den politischen Prozess unter der Ägide der Vereinten Nationen unterstützt .","[START] Wir [END] , [START] wie alle anderen Beteiligten [END] , erwarten von [START] der Türkei [END] , dass [START] sie [END] gerade jetzt [START] den politischen Prozess [END] unter [START] der Ägide [END] [START] der Vereinten Nationen [END] unterstützt .","['B', 'O', 'B', 'I', 'I', 'I', 'O', 'O', 'O', 'B', 'I', 'O', 'O', 'B', 'O', 'O', 'B', 'I', 'I', 'O', 'B', 'I', 'B', 'I', 'I', 'O', 'O']","[1, 1, 1, 0, 0, 0, 1]",,"[1, 0, 1, 1, 1, 1, 0, 0, 0, 1, 1, 0, 0, 0, 0, 0, 0, 0, 0, 0, 0, 0, 1, 1, 1, 0, 0]",
Das ist der Unterschied : Sie gilt für jedes Kind und nicht nur für 1 0 oder für 1 0 plus 97 Für jedes einzelne Kind gilt die Kinderrechtskonvention .,[START] Das [END] ist [START] der Unterschied [END] : [START] Sie [END] gilt für [START] jedes Kind [END] und nicht nur für 1 0 oder für 1 0 plus 97 Für [START] jedes einzelne Kind [END] gilt [START] die Kinderrechtskonvention [END] .,"['B', 'O', 'B', 'I', 'O', 'B', 'O', 'O', 'B', 'I', 'O', 'O', 'O', 'O', 'O', 'O', 'O', 'O', 'O', 'O', 'O', 'O', 'O', 'B', 'I', 'I', 'O', 'B', 'I', 'O']","[0, 0, 0, 1, 1, 0]",,"[0, 0, 0, 0, 0, 0, 0, 0, 1, 1, 0, 0, 0, 0, 0, 0, 0, 0, 0, 0, 0, 0, 0, 1, 1, 1, 0, 0, 0, 0]",
"Liebe Frau Kotting-Uhl , Sie haben heute hier und im Ausschuss etwas richtiger gemacht als in Ihrem Antrag .","[START] Liebe [END] Frau [START] Kotting-Uhl [END] , [START] Sie [END] haben heute hier und im [START] Ausschuss [END] etwas richtiger gemacht als in [START] Ihrem Antrag [END] .","['B', 'O', 'B', 'O', 'B', 'O', 'O', 'O', 'O', 'O', 'B', 'O', 'O', 'O', 'O', 'O', 'B', 'I', 'O']","[0, 1, 0, 1, 0]",,"[0, 0, 1, 0, 0, 0, 0, 0, 0, 0, 1, 0, 0, 0, 0, 0, 0, 0, 0]",
"Statt Karl-Eduard von Schnitzler und dem „ Neuen Deutschland “ haben wir heute Slomka , Restle , Kleber und Relotius .","Statt [START] Karl-Eduard [END] von [START] Schnitzler [END] und [START] dem „ Neuen Deutschland [END] “ haben [START] wir [END] heute [START] Slomka [END] , [START] Restle [END] , [START] Kleber [END] und [START] Relotius [END] .","['O', 'B', 'O', 'B', 'O', 'B', 'I', 'I', 'I', 'O', 'O', 'B', 'O', 'B', 'O', 'B', 'O', 'B', 'O', 'B', 'O']","[1, 1, 0, 1, 1, 1, 1, 1]",,"[0, 1, 0, 1, 0, 0, 0, 0, 0, 0, 0, 1, 0, 1, 0, 1, 0, 1, 0, 1, 0]",
Ich lasse keine Frage zu .,[START] Ich [END] lasse [START] keine Frage [END] zu .,"['B', 'O', 'B', 'I', 'O', 'O']","[1, 0]",,"[1, 0, 0, 0, 0, 0]",
"Vielen Dank , Herr Kollege Janecek .","Vielen Dank , [START] Herr Kollege [END] [START] Janecek [END] .","['O', 'O', 'O', 'B', 'I', 'B', 'O']","[1, 1]",,"[0, 0, 0, 1, 1, 1, 0]",
"Herr Scheuer , auch für den , der keine Leitungen will , habe ich eine Lösung ; Sie können sie Ihren Kollegen im Kabinett gerne mitgeben : Wer in Süddeutschland keine neuen Leitungen haben will , der muss einfach die Windenergie ausbauen .","Herr [START] Scheuer [END] , auch für [START] den [END] , [START] der [END] [START] keine Leitungen [END] will , habe [START] ich [END] [START] eine Lösung [END] ; [START] Sie [END] können [START] sie [END] [START] Ihren Kollegen [END] im [START] Kabinett [END] gerne mitgeben : [START] Wer [END] in [START] Süddeutschland [END] [START] keine neuen Leitungen [END] haben will [START] , der [END] muss einfach [START] die Windenergie [END] ausbauen .","['O', 'B', 'O', 'O', 'O', 'B', 'O', 'B', 'B', 'I', 'O', 'O', 'O', 'B', 'B', 'I', 'O', 'B', 'O', 'B', 'B', 'I', 'O', 'B', 'O', 'O', 'O', 'B', 'O', 'B', 'B', 'I', 'I', 'O', 'O', 'B', 'I', 'O', 'O', 'B', 'I', 'O', 'O']","[1, 0, 0, 0, 1, 0, 0, 0, 1, 1, 0, 1, 0, 0, 0]",,"[0, 1, 0, 0, 0, 0, 0, 0, 0, 0, 0, 0, 0, 1, 0, 0, 0, 0, 0, 0, 1, 1, 0, 1, 0, 0, 0, 0, 0, 1, 0, 0, 0, 0, 0, 0, 0, 0, 0, 0, 0, 0, 0]",
Es gibt unzählige Beispiele .,Es gibt [START] unzählige Beispiele [END] .,"['O', 'O', 'B', 'I', 'O']",[0],,"[0, 0, 0, 0, 0]",
"Heute Morgen hätten Sie vor dem Bundestag sehen können , dass dort eine Reihe von Demonstrantinnen und Demonstranten standen , mit denen unter anderem ich geredet habe .","Heute Morgen hätten [START] Sie [END] vor [START] dem Bundestag [END] sehen können , dass dort [START] eine Reihe [END] von [START] Demonstrantinnen [END] und [START] Demonstranten [END] standen , mit [START] denen [END] unter [START] anderem [END] ich geredet habe .","['O', 'O', 'O', 'B', 'O', 'B', 'I', 'O', 'O', 'O', 'O', 'O', 'B', 'I', 'O', 'B', 'O', 'B', 'O', 'O', 'O', 'B', 'O', 'B', 'O', 'O', 'O', 'O']","[0, 1, 0, 1, 1, 0, 0]",,"[0, 0, 0, 0, 0, 1, 1, 0, 0, 0, 0, 0, 0, 0, 0, 1, 0, 1, 0, 0, 0, 0, 0, 0, 0, 0, 0, 0]",
"Wir unterstützen den Sondergesandten der Vereinten Nationen Pedersen politisch , finanziell und logistisch , weil wir davon überzeugt sind , dass seine Vorschläge und sein Weg , den er auch jetzt noch einmal beschrieben hat , der richtige ist .","[START] Wir [END] unterstützen [START] den Sondergesandten [END] [START] der Vereinten Nationen Pedersen [END] politisch , finanziell und logistisch , weil [START] wir [END] davon überzeugt sind , dass [START] seine Vorschläge [END] und [START] sein Weg [END] , [START] den [END] [START] er [END] auch jetzt noch einmal beschrieben hat , [START] der [END] richtige ist .","['B', 'O', 'B', 'I', 'B', 'I', 'I', 'I', 'O', 'O', 'O', 'O', 'O', 'O', 'O', 'B', 'O', 'O', 'O', 'O', 'O', 'B', 'I', 'O', 'B', 'I', 'O', 'B', 'B', 'O', 'O', 'O', 'O', 'O', 'O', 'O', 'B', 'O', 'O', 'O']","[1, 1, 1, 1, 0, 0, 0, 0, 0]",,"[1, 0, 1, 1, 1, 1, 1, 1, 0, 0, 0, 0, 0, 0, 0, 1, 0, 0, 0, 0, 0, 0, 0, 0, 0, 0, 0, 0, 0, 0, 0, 0, 0, 0, 0, 0, 0, 0, 0, 0]",
"Von Gewerkschaften , progressiven Ökonomen , Sozialverbänden und der Linken wurde sie heftig kritisiert : wirtschaftspolitisch kontraproduktiv , ein Hindernis für notwendige Zukunftsinvestitionen und eine Bedrohung des Sozialstaats .","Von [START] Gewerkschaften [END] , [START] progressiven Ökonomen [END] , [START] Sozialverbänden [END] und [START] der Linken [END] wurde [START] sie [END] heftig kritisiert : wirtschaftspolitisch kontraproduktiv , [START] ein Hindernis [END] für [START] notwendige Zukunftsinvestitionen [END] und [START] eine Bedrohung [END] [START] des Sozialstaats [END] .","['O', 'B', 'O', 'B', 'I', 'O', 'B', 'O', 'B', 'I', 'O', 'B', 'O', 'O', 'O', 'O', 'O', 'O', 'B', 'I', 'O', 'B', 'I', 'O', 'B', 'I', 'B', 'I', 'O']","[1, 1, 1, 1, 0, 0, 0, 0, 1]",,"[0, 1, 0, 1, 1, 0, 1, 0, 1, 1, 0, 0, 0, 0, 0, 0, 0, 0, 0, 0, 0, 0, 0, 0, 0, 0, 1, 1, 0]",
Die AfD verachtet den Parlamentarismus ; dafür gibt es diverse Belege .,[START] Die AfD [END] verachtet [START] den Parlamentarismus [END] ; dafür gibt es [START] diverse Belege [END] .,"['B', 'I', 'O', 'B', 'I', 'O', 'O', 'O', 'O', 'B', 'I', 'O']","[1, 0, 0]",,"[1, 1, 0, 0, 0, 0, 0, 0, 0, 0, 0, 0]",
"Das ist so was von geschmacklos und menschenverachtend , meine Damen und Herren !","[START] Das [END] ist so [START] was [END] von geschmacklos und menschenverachtend , [START] meine Damen [END] und [START] Herren [END] !","['B', 'O', 'O', 'B', 'O', 'O', 'O', 'O', 'O', 'B', 'I', 'O', 'B', 'O']","[0, 0, 1, 1]",,"[0, 0, 0, 0, 0, 0, 0, 0, 0, 1, 1, 0, 1, 0]",
"Das muss auch für andere große Vorhaben der Maßstab sein , zum Beispiel beim Zulauf des Brennerbasistunnels bei Rosenheim in Oberbayern .","[START] Das [END] muss auch für [START] andere große Vorhaben [END] [START] der Maßstab [END] sein , zum [START] Beispiel [END] beim [START] Zulauf [END] [START] des Brennerbasistunnels [END] bei [START] Rosenheim [END] in [START] Oberbayern [END] .","['B', 'O', 'O', 'O', 'B', 'I', 'I', 'B', 'I', 'O', 'O', 'O', 'B', 'O', 'B', 'B', 'I', 'O', 'B', 'O', 'B', 'O']","[0, 0, 0, 0, 0, 0, 0, 0]",,"[0, 0, 0, 0, 0, 0, 0, 0, 0, 0, 0, 0, 0, 0, 0, 0, 0, 0, 0, 0, 0, 0]",
Diese beiden Jungs sind mit ihrer älteren Schwester hierhergekommen .,[START] Diese beiden Jungs [END] sind mit [START] ihrer älteren Schwester [END] hierhergekommen .,"['B', 'I', 'I', 'O', 'O', 'B', 'I', 'I', 'O', 'O']","[1, 1]",,"[1, 1, 1, 0, 0, 1, 1, 1, 0, 0]",
Hier in Berlin treibt man es dann noch auf die Spitze .,Hier in [START] Berlin [END] treibt [START] man [END] [START] es [END] dann noch auf [START] die Spitze [END] .,"['O', 'O', 'B', 'O', 'B', 'B', 'O', 'O', 'O', 'B', 'I', 'O']","[0, 0, 0, 0]",,"[0, 0, 0, 0, 0, 0, 0, 0, 0, 0, 0, 0]",
"Ich nehme an , auch Sie haben Kinder , für die Sie Verantwortung haben , liebe Kolleginnen und Kollegen von der AfD. Stellen wir uns einmal vor , eines Ihrer Kinder würde irgendwo im Kriegsgebiet warten und Sie könnten es nicht nachholen .","[START] Ich [END] nehme an , [START] auch Sie [END] haben [START] Kinder [END] , für [START] die [END] [START] Sie [END] [START] Verantwortung [END] haben , [START] liebe Kolleginnen [END] und [START] Kollegen [END] von [START] der AfD. [END] [START] Stellen [END] [START] wir [END] [START] uns [END] einmal vor , [START] eines [END] [START] Ihrer Kinder [END] würde irgendwo im [START] Kriegsgebiet [END] warten und [START] Sie [END] könnten [START] es [END] nicht nachholen .","['B', 'O', 'O', 'O', 'B', 'I', 'O', 'B', 'O', 'O', 'B', 'B', 'B', 'O', 'O', 'B', 'I', 'O', 'B', 'O', 'B', 'I', 'B', 'B', 'B', 'O', 'O', 'O', 'B', 'B', 'I', 'O', 'O', 'O', 'B', 'O', 'O', 'B', 'O', 'B', 'O', 'O', 'O']","[1, 0, 1, 0, 0, 0, 1, 1, 1, 0, 1, 0, 0, 1, 0, 0, 0]",,"[1, 0, 0, 0, 0, 0, 0, 1, 0, 0, 0, 0, 0, 0, 0, 1, 1, 0, 1, 0, 1, 1, 0, 1, 0, 0, 0, 0, 0, 1, 1, 0, 0, 0, 0, 0, 0, 0, 0, 0, 0, 0, 0]",
"Alles spricht dafür , dass Büroarbeiten von zu Hause – auf neudeutsch : im Homeoffice – für sehr viele zur Dauerlösung werden .","[START] Alles [END] spricht dafür , dass [START] Büroarbeiten [END] von zu [START] Hause [END] – auf neudeutsch [START] : im Homeoffice [END] – für [START] sehr viele [END] zur [START] Dauerlösung [END] werden .","['B', 'O', 'O', 'O', 'O', 'B', 'O', 'O', 'B', 'O', 'O', 'O', 'B', 'I', 'I', 'O', 'O', 'B', 'I', 'O', 'B', 'O', 'O']","[0, 0, 0, 0, 0, 0]",,"[0, 0, 0, 0, 0, 0, 0, 0, 0, 0, 0, 0, 0, 0, 0, 0, 0, 0, 0, 0, 0, 0, 0]",
"Herr Bundesminister , gestatten Sie eine Frage oder Bemerkung der Abgeordneten Hänsel ?","Herr [START] Bundesminister [END] , gestatten [START] Sie [END] [START] eine Frage [END] oder [START] Bemerkung [END] [START] der Abgeordneten Hänsel [END] ?","['O', 'B', 'O', 'O', 'B', 'B', 'I', 'O', 'B', 'B', 'I', 'I', 'O']","[1, 0, 0, 0, 1]",,"[0, 1, 0, 0, 0, 0, 0, 0, 0, 1, 1, 1, 0]",
Ganz ehrlich : Auch andere Nationen haben kluge Menschen .,Ganz ehrlich : [START] Auch andere Nationen [END] haben [START] kluge Menschen [END] .,"['O', 'O', 'O', 'B', 'I', 'I', 'O', 'B', 'I', 'O']","[1, 1]",,"[0, 0, 0, 1, 1, 1, 0, 1, 1, 0]",
Sie bezeichnen sich ja auch mit dem Kollektivbegriff „ demokratische Parteien “ .,[START] Sie [END] bezeichnen [START] sich [END] ja auch mit [START] dem Kollektivbegriff „ demokratische Parteien [END] “ .,"['B', 'O', 'B', 'O', 'O', 'O', 'B', 'I', 'I', 'I', 'I', 'O', 'O']","[0, 0, 1]",,"[0, 0, 0, 0, 0, 0, 1, 1, 1, 1, 1, 0, 0]",
"Die erforderlichen Unterschriften kamen letztlich nur dadurch zustande , dass es durch die Hunderten Filialen der Sparkassen im Land ausreichend Anlaufpunkte für die Bürgerinnen und Bürger gab , um ihre Unterschriften für die Durchführung eines Volksentscheides zu leisten .","[START] Die erforderlichen Unterschriften [END] kamen letztlich nur dadurch zustande , dass es durch [START] die Hunderten [END] [START] Filialen [END] [START] der Sparkassen [END] im [START] Land [END] [START] ausreichend Anlaufpunkte [END] für [START] die Bürgerinnen [END] und [START] Bürger [END] gab , um [START] ihre Unterschriften [END] für [START] die Durchführung [END] [START] eines Volksentscheides [END] zu leisten .","['B', 'I', 'I', 'O', 'O', 'O', 'O', 'O', 'O', 'O', 'O', 'O', 'B', 'I', 'B', 'B', 'I', 'O', 'B', 'B', 'I', 'O', 'B', 'I', 'O', 'B', 'O', 'O', 'O', 'B', 'I', 'O', 'B', 'I', 'B', 'I', 'O', 'O', 'O']","[0, 0, 0, 1, 1, 0, 1, 1, 0, 0, 0]",,"[0, 0, 0, 0, 0, 0, 0, 0, 0, 0, 0, 0, 0, 0, 0, 1, 1, 0, 1, 0, 0, 0, 1, 1, 0, 1, 0, 0, 0, 0, 0, 0, 0, 0, 0, 0, 0, 0, 0]",
Das haben Sie richtig verstanden .,[START] Das [END] haben [START] Sie [END] richtig verstanden .,"['B', 'O', 'B', 'O', 'O', 'O']","[0, 0]",,"[0, 0, 0, 0, 0, 0]",
Die Bürgerinnen und Bürger werden nur formal beteiligt und nicht mitgenommen .,[START] Die Bürgerinnen [END] und [START] Bürger [END] werden nur formal beteiligt und nicht mitgenommen .,"['B', 'I', 'O', 'B', 'O', 'O', 'O', 'O', 'O', 'O', 'O', 'O']","[1, 1]",,"[1, 1, 0, 1, 0, 0, 0, 0, 0, 0, 0, 0]",
"Dass es überhaupt diesen Verfassungskonvent gibt und dass es eine Einigung auf eine Liste von Namen gibt , über die mehrere Monate gestritten worden ist , ist dennoch ein Erfolg .","Dass es überhaupt [START] diesen Verfassungskonvent [END] gibt und dass es [START] eine Einigung [END] auf [START] eine Liste [END] von [START] Namen [END] gibt , über die [START] mehrere Monate [END] gestritten worden ist , ist dennoch [START] ein Erfolg [END] .","['O', 'O', 'O', 'B', 'I', 'O', 'O', 'O', 'O', 'B', 'I', 'O', 'B', 'I', 'O', 'B', 'O', 'O', 'O', 'O', 'B', 'I', 'O', 'O', 'O', 'O', 'O', 'O', 'B', 'I', 'O']","[0, 0, 0, 0, 0, 0]",,"[0, 0, 0, 0, 0, 0, 0, 0, 0, 0, 0, 0, 0, 0, 0, 0, 0, 0, 0, 0, 0, 0, 0, 0, 0, 0, 0, 0, 0, 0, 0]",
"Rechtens war dort , was der Durchsetzung des Sozialismus diente .","Rechtens war dort , [START] was [END] [START] der Durchsetzung [END] [START] des Sozialismus [END] diente .","['O', 'O', 'O', 'O', 'B', 'B', 'I', 'B', 'I', 'O', 'O']","[0, 0, 0]",,"[0, 0, 0, 0, 0, 0, 0, 0, 0, 0, 0]",
"Ich glaube – das wurde vorhin angedeutet – , es war nicht klug , den Status der Huthis als Terrororganisation so schnell zu beenden .","[START] Ich [END] glaube – [START] das [END] wurde vorhin angedeutet – , [START] es [END] war nicht klug , [START] den Status [END] [START] der Huthis [END] als [START] Terrororganisation [END] so schnell zu beenden .","['B', 'O', 'O', 'B', 'O', 'O', 'O', 'O', 'O', 'B', 'O', 'O', 'O', 'O', 'B', 'I', 'B', 'I', 'O', 'B', 'O', 'O', 'O', 'O', 'O']","[1, 0, 0, 0, 1, 1]",,"[1, 0, 0, 0, 0, 0, 0, 0, 0, 0, 0, 0, 0, 0, 0, 0, 1, 1, 0, 1, 0, 0, 0, 0, 0]",
"Liebe Union und liebe SPD , ich verstehe es einfach nicht .","[START] Liebe [END] Union und [START] liebe SPD [END] , [START] ich [END] verstehe [START] es [END] einfach nicht .","['B', 'O', 'O', 'B', 'I', 'O', 'B', 'O', 'B', 'O', 'O', 'O']","[0, 1, 1, 0]",,"[0, 0, 0, 1, 1, 0, 1, 0, 0, 0, 0, 0]",
"Lieber Herr de Maizière , Sie sagten hier am Anfang , wir sollten doch einmal darüber nachdenken , dass es ein bisschen Barmherzigkeit geben soll .","[START] Lieber Herr de Maizière [END] , [START] Sie [END] sagten hier am [START] Anfang [END] , [START] wir [END] sollten doch einmal darüber nachdenken , dass es [START] ein bisschen Barmherzigkeit [END] geben soll .","['B', 'I', 'I', 'I', 'O', 'B', 'O', 'O', 'O', 'B', 'O', 'B', 'O', 'O', 'O', 'O', 'O', 'O', 'O', 'O', 'B', 'I', 'I', 'O', 'O', 'O']","[1, 0, 0, 1, 0]",,"[1, 1, 1, 1, 0, 0, 0, 0, 0, 0, 0, 1, 0, 0, 0, 0, 0, 0, 0, 0, 0, 0, 0, 0, 0, 0]",
"Die Verhältnisse sind sehr klar : 93 davon wurden von Rechtsextremen begangen , 18 von Linksextremen .","[START] Die Verhältnisse [END] sind sehr klar : 93 davon wurden von [START] Rechtsextremen [END] begangen , 18 von [START] Linksextremen [END] .","['B', 'I', 'O', 'O', 'O', 'O', 'O', 'O', 'O', 'O', 'B', 'O', 'O', 'O', 'O', 'B', 'O']","[0, 1, 1]",,"[0, 0, 0, 0, 0, 0, 0, 0, 0, 0, 1, 0, 0, 0, 0, 1, 0]",
Frau Präsidentin !,[START] Frau Präsidentin [END] !,"['B', 'I', 'O']",[1],,"[1, 1, 0]",
Hier müssen wir eine Innovationsinitiative schaffen .,Hier müssen [START] wir [END] [START] eine Innovationsinitiative [END] schaffen .,"['O', 'O', 'B', 'B', 'I', 'O', 'O']","[1, 0]",,"[0, 0, 1, 0, 0, 0, 0]",
"Ein weiterer Aspekt , der von Ihnen gerne einfach ausgeblendet wird : Die Deutschen erarbeiten zwar den meisten Wohlstand für Europa , sind aber nach Angaben der Europäischen Zentralbank die Ärmsten im Euro-Raum .","[START] Ein weiterer Aspekt [END] , [START] der [END] von [START] Ihnen [END] gerne einfach ausgeblendet wird : [START] Die Deutschen [END] erarbeiten zwar [START] den meisten Wohlstand [END] für [START] Europa [END] , sind aber nach [START] Angaben [END] [START] der Europäischen Zentralbank [END] [START] die Ärmsten [END] im [START] Euro-Raum [END] .","['B', 'I', 'I', 'O', 'B', 'O', 'B', 'O', 'O', 'O', 'O', 'O', 'B', 'I', 'O', 'O', 'B', 'I', 'I', 'O', 'B', 'O', 'O', 'O', 'O', 'B', 'B', 'I', 'I', 'B', 'I', 'O', 'B', 'O']","[0, 0, 0, 1, 0, 1, 0, 1, 0, 0]",,"[0, 0, 0, 0, 0, 0, 0, 0, 0, 0, 0, 0, 1, 1, 0, 0, 0, 0, 0, 0, 1, 0, 0, 0, 0, 0, 1, 1, 1, 0, 0, 0, 0, 0]",
Lassen Sie uns frei und fair den Streit der Meinungen austragen .,Lassen [START] Sie [END] [START] uns [END] frei und fair [START] den Streit [END] [START] der Meinungen [END] austragen .,"['O', 'B', 'B', 'O', 'O', 'O', 'B', 'I', 'B', 'I', 'O', 'O']","[0, 0, 0, 0]",,"[0, 0, 0, 0, 0, 0, 0, 0, 0, 0, 0, 0]",
Gerade junge Menschen schätzen vielleicht die möglichen Folgeschäden etwas anders ein .,[START] Gerade junge Menschen [END] schätzen vielleicht [START] die möglichen Folgeschäden [END] etwas anders ein .,"['B', 'I', 'I', 'O', 'O', 'B', 'I', 'I', 'O', 'O', 'O', 'O']","[1, 0]",,"[1, 1, 1, 0, 0, 0, 0, 0, 0, 0, 0, 0]",
Eigentlich müsste also ein Überangebot an Wohnungen da sein .,Eigentlich müsste also [START] ein Überangebot [END] an [START] Wohnungen [END] da sein .,"['O', 'O', 'O', 'B', 'I', 'O', 'B', 'O', 'O', 'O']","[0, 0]",,"[0, 0, 0, 0, 0, 0, 0, 0, 0, 0]",
Weil die AfD und ihr Umfeld diese Gesellschaft spalten und weil Sie Hass schüren .,Weil [START] die AfD [END] und [START] ihr Umfeld [END] [START] diese Gesellschaft [END] spalten und weil [START] Sie [END] [START] Hass [END] schüren .,"['O', 'B', 'I', 'O', 'B', 'I', 'B', 'I', 'O', 'O', 'O', 'B', 'B', 'O', 'O']","[1, 0, 1, 0, 0]",,"[0, 1, 1, 0, 0, 0, 1, 1, 0, 0, 0, 0, 0, 0, 0]",
Die beiden Anträge der Linken sind vom gleichen Geist durchweht .,[START] Die beiden Anträge [END] [START] der Linken [END] sind vom [START] gleichen Geist [END] durchweht .,"['B', 'I', 'I', 'B', 'I', 'O', 'O', 'B', 'I', 'O', 'O']","[0, 1, 0]",,"[0, 0, 0, 1, 1, 0, 0, 0, 0, 0, 0]",
